tanggal,kode,harga,naik_pct,nilai,volume,freq
2026-10-06,TRUE,62,34.78,35.62B,6.06M,16.21K
2026-10-06,POLA,110,34.15,43.00B,4.15M,16.19K
2026-10-06,ASMI,33,32.00,7.37B,2.39M,4.77K
2026-10-06,BTEK,14,27.27,14.66B,11.17M,8.37K
2026-10-06,CSMI,515,25.00,52.80B,1.09M,18.30K
2026-10-06,IFSH,2060,24.47,2.64B,13.27K,1.59K
2026-10-06,KDTN,655,23.58,27.54B,450.91K,8.19K
2026-10-06,BEKS,37,23.33,31.67B,8.94M,9.97K
2026-10-06,CSIS,206,22.62,7.17B,344.07K,4.93K
2026-10-06,IATA,114,21.28,158.68B,14.58M,47.81K
2026-10-06,ALKA,6825,19.74,3.92B,5.90K,1.31K
2026-10-06,GMTD,1195,18.91,418.05M,3.57K,662
2026-10-06,KREN,19,18.75,6.26B,3.62M,5.67K
2026-10-06,PYFA,234,15.84,9.26B,415.33K,2.99K
2026-10-06,IKAI,22,15.79,2.88B,1.39M,2.48K
2026-10-06,OILS,342,14.77,5.54B,171.90K,2.86K
2026-10-06,TAXI,16,14.29,3.38B,2.33M,2.11K
2026-10-06,TRIN,290,14.17,18.15B,643.42K,8.00K
2026-10-06,BDKR,210,14.13,21.75B,1.11M,6.40K
2026-10-06,MIRA,26,13.04,1.61B,640.65K,2.68K
2026-10-06,POLU,15800,12.46,533.95M,342,190
2026-10-06,AYLS,199,11.80,9.78B,484.11K,6.65K
2026-10-06,BAPI,20,11.11,2.49B,1.26M,2.45K
2026-10-06,MORA,5250,10.99,2.42B,4.89K,1.07K
2026-10-06,KLAS,82,10.81,2.34B,285.60K,1.79K
2026-10-06,BAJA,316,10.49,6.32B,200.21K,4.37K
2026-10-06,GOTO,32,10.34,487.06B,157.39M,38.18K
2026-10-06,NAYZ,88,10.00,12.22B,1.40M,2.98K
2026-10-06,OBAT,244,9.91,416.50M,16.83K,759
2026-10-06,BYAN,13425,9.59,71.80B,55.62K,4.59K
2026-10-06,BHIT,23,9.52,1.18B,540.76K,604
2026-10-06,IDEA,162,9.46,684.61M,42.26K,192
2026-10-06,FUTR,278,9.45,14.43B,524.38K,3.57K
2026-10-06,MEJA,152,9.35,28.85B,1.95M,6.76K
2026-10-06,GRPM,141,9.30,1.34B,99.82K,778
2026-10-06,SUNI,655,9.17,413.99M,6.70K,171
2026-10-06,ANDI,24,9.09,1.05B,466.74K,2.66K
