tanggal,tipe,kode,harga,naik_pct,nilai,volume,freq
2026-10-06,GAINER,TRUE,62,34.78,35.62B,6.06M,16.21K
2026-10-06,GAINER,POLA,110,34.15,43.00B,4.15M,16.19K
2026-10-06,GAINER,ASMI,33,32.00,7.37B,2.39M,4.77K
2026-10-06,GAINER,BTEK,14,27.27,14.66B,11.17M,8.37K
2026-10-06,GAINER,CSMI,515,25.00,52.80B,1.09M,18.30K
2026-10-06,GAINER,IFSH,2060,24.47,2.64B,13.27K,1.59K
2026-10-06,GAINER,KDTN,655,23.58,27.54B,450.91K,8.19K
2026-10-06,GAINER,BEKS,37,23.33,31.67B,8.94M,9.97K
2026-10-06,GAINER,CSIS,206,22.62,7.17B,344.07K,4.93K
2026-10-06,GAINER,IATA,114,21.28,158.68B,14.58M,47.81K
2026-10-06,GAINER,ALKA,6825,19.74,3.92B,5.90K,1.31K
2026-10-06,GAINER,GMTD,1195,18.91,418.05M,3.57K,662
2026-10-06,GAINER,KREN,19,18.75,6.26B,3.62M,5.67K
2026-10-06,GAINER,PYFA,234,15.84,9.26B,415.33K,2.99K
2026-10-06,GAINER,IKAI,22,15.79,2.88B,1.39M,2.48K
2026-10-06,GAINER,OILS,342,14.77,5.54B,171.90K,2.86K
2026-10-06,GAINER,TAXI,16,14.29,3.38B,2.33M,2.11K
2026-10-06,GAINER,TRIN,290,14.17,18.15B,643.42K,8.00K
2026-10-06,GAINER,BDKR,210,14.13,21.75B,1.11M,6.40K
2026-10-06,GAINER,MIRA,26,13.04,1.61B,640.65K,2.68K
2026-10-06,GAINER,POLU,15800,12.46,533.95M,342,190
2026-10-06,GAINER,AYLS,199,11.80,9.78B,484.11K,6.65K
2026-10-06,GAINER,BAPI,20,11.11,2.49B,1.26M,2.45K
2026-10-06,GAINER,MORA,5250,10.99,2.42B,4.89K,1.07K
2026-10-06,GAINER,KLAS,82,10.81,2.34B,285.60K,1.79K
2026-10-06,GAINER,BAJA,316,10.49,6.32B,200.21K,4.37K
2026-10-06,GAINER,GOTO,32,10.34,487.06B,157.39M,38.18K
2026-10-06,GAINER,NAYZ,88,10.00,12.22B,1.40M,2.98K
2026-10-06,GAINER,OBAT,244,9.91,416.50M,16.83K,759
2026-10-06,GAINER,BYAN,13425,9.59,71.80B,55.62K,4.59K
2026-10-06,GAINER,BHIT,23,9.52,1.18B,540.76K,604
2026-10-06,GAINER,IDEA,162,9.46,684.61M,42.26K,192
2026-10-06,GAINER,FUTR,278,9.45,14.43B,524.38K,3.57K
2026-10-06,GAINER,MEJA,152,9.35,28.85B,1.95M,6.76K
2026-10-06,GAINER,GRPM,141,9.30,1.34B,99.82K,778
2026-10-06,GAINER,SUNI,655,9.17,413.99M,6.70K,171
2026-10-06,GAINER,ANDI,24,9.09,1.05B,466.74K,2.66K
2026-10-06,LOSER,ROCK,3150,-14.86,1.06B,3.23K,780
2026-10-06,LOSER,FORU,124,-10.79,235.67B,18.51M,42.86K
2026-10-06,LOSER,LUCY,220,-9.84,24.98B,1.09M,7.48K
2026-10-06,LOSER,SOFA,224,-9.68,4.97B,218.20K,2.10K
2026-10-06,LOSER,TCPI,1285,-7.55,7.51B,55.37K,3.27K
2026-10-06,LOSER,WAPO,326,-7.39,4.42B,137.88K,3.24K
2026-10-06,LOSER,EMMI,390,-6.70,1.95B,49.78K,1.38K
2026-10-06,LOSER,PPRI,174,-6.45,7.88B,437.16K,4.94K
2026-10-06,LOSER,BALI,1560,-6.02,232.61M,1.55K,320
2026-10-06,LOSER,PTSP,1090,-5.63,38.54M,354,104
2026-10-06,LOSER,FLMC,150,-5.06,712.76M,46.28K,533
2026-10-06,LOSER,KOTA,151,-5.03,49.71B,3.24M,15.99K
2026-10-06,LOSER,PGLI,316,-4.82,1.76B,53.40K,1.76K
2026-10-06,LOSER,MPIX,214,-4.46,4.50B,203.80K,2.99K
