kode;nama;harga;chg_pct;target_analis;potensi_analis;valuasi_analis;valuasi_model;target_model;potensi_model;kesehatan;kap_pasar;sisa
ADRO;Alamtri Resources Indonesia Tbk PT;Rp2.600;0,4%;3.035;Upside 16,7%;Wajar;Undervalued;3.108;Upside 19,5%;Baik Sekali;74.881,3 B;430 | 16,6% | 52,38 | 7,2x | 0,9x | 2,1x | 77.309,5 B | 29,2% | 36,8%
TAPG;Triputra Agro Persada Tbk PT;Rp2.020;2,0%;2.019;Downside 0,0%;Wajar;Wajar;2.362;Upside 16,9%;Baik Sekali;40.102,1 B;201 | 10,2% | 48,35 | 9,9x | 3,5x | 3,4x | 36.334,3 B | 2,5% | 41,1%
EMAS;Merdeka Gold Resources PT Tbk;Rp7.700;1,3%;5.336;Downside -30,7%;Overvalued;Wajar;8.979;Upside 16,6%;Wajar;113.431,5 B;0,0% | 51,88 | -242,3x | 17,6x | 206,4x | 121.618,3 B | 6,7% | 18,1%
UNTR;United Tractors Tbk PT;Rp26.000;1,6%;34.969;Upside 34,5%;Undervalued;Wajar;29.500;Upside 13,5%;Baik;90.820,4 B;1.526 | 6,0% | 55,15 | 11,9x | 0,9x | 0,8x | 85.642,5 B | 22,6% | 36,4%
GGRM;Gudang Garam Tbk;Rp17.100;0,6%;23.977;Upside 40,2%;Undervalued;Wajar;19.219;Upside 12,4%;Baik Sekali;32.901,9 B;800 | 4,7% | 34,18 | 7,4x | 0,5x | 0,4x | 24.019,7 B | 0,0% | 23,8%
AKRA;Akr Corporindo Tbk;Rp1.520;1,3%;1.766;Upside 16,2%;Wajar;Wajar;1.673;Upside 10,1%;Baik Sekali;30.095,6 B;100 | 6,7% | 59,62 | 10,9x | 2,3x | 0,5x | 28.757 B | 14,1% | 32,1%
AADI;Pt Adaro Andalan Indonesia Tbk;Rp12.125;1,5%;14.709;Upside 21,3%;Undervalued;Wajar;13.269;Upside 9,4%;Baik Sekali;94.416,1 B;0,0000 | 8,4% | 63,77 | 6,5x | 1,5x | 1,0x | 88.648 B | 15,2% | 37,2%
MAPI;Mitra Adiperkasa Tbk;Rp1.550;4,0%;2.053;Upside 32,4%;Undervalued;Wajar;1.694;Upside 9,3%;Baik Sekali;25.730 B;10,0000 | 0,7% | 50,77 | 9,9x | 1,6x | 0,5x | 30.825,3 B | 23,4% | 49,0%
AALI;Astra Agro Lestari Tbk;Rp8.525;1,5%;11.665;Upside 36,8%;Undervalued;Wajar;9.271;Upside 8,8%;Baik Sekali;16.408 B;568 | 6,8% | 59,32 | 8,8x | 0,7x | 0,6x | 11.568,3 B | 0,0% | 20,3%
VKTR;PT VKTR Teknologi Mobilitas;Rp835;1,2%;568,39;Downside -31,9%;Overvalued;Wajar;900;Upside 7,8%;Wajar;36.531,3 B;0,0% | 50,26 | -2.439,5x | 35,1x | 27,6x | 36.808,2 B | 0,5% | 51,1%
ITMG;Indo Tambangraya Megah Tbk;Rp26.100;2,4%;32.873;Upside 26,0%;Undervalued;Wajar;27.092;Upside 3,8%;Baik;28.780,5 B;1.730 | 6,8% | 51,06 | 7,8x | 0,8x | 0,8x | 16.355,4 B | 5,8% | 33,1%
BFIN;BFI Finance Indonesia Tbk;Rp925;0,5%;1.072;Upside 15,9%;Wajar;Wajar;945;Upside 2,2%;Baik;13.643,2 B;70,0000 | 7,5% | 48,10 | 8,3x | 1,2x | 3,0x | NA | 48,7% | 45,3%
AUTO;Astra Otoparts Tbk;Rp3.390;1,7%;4.249;Upside 25,3%;Undervalued;Wajar;3.458;Upside 2,0%;Baik Sekali;16.338,9 B;229 | 6,6% | 68,70 | 6,8x | 1,0x | 0,8x | 6.224,4 B | 3,3% | 20,0%
TINS;Timah Tbk PT;Rp4.670;0,9%;5.102;Upside 9,3%;Wajar;Wajar;4.700;Upside 0,6%;Amat Baik;34.781 B;88,1890 | 1,9% | 54,63 | 9,3x | 3,3x | 2,0x | 30.913,4 B | 3,4% | 29,0%
ERAA;Erajaya Swasembada Tbk;Rp625;0,8%;767,78;Upside 22,8%;Undervalued;Wajar;593,33;Downside -5,1%;Baik Sekali;9.776,4 B;25,0000 | 4,0% | 66,40 | 7,0x | 1,0x | 0,1x | 17.525,6 B | 41,2% | 43,4%
PTBA;Bukit Asam Tbk PT;Rp3.400;4,0%;4.175;Upside 22,8%;Undervalued;Wajar;3.185;Downside -6,3%;Baik Sekali;39.148,8 B;115 | 3,5% | 72,12 | 8,0x | 1,5x | 0,9x | 23.194,5 B | 7,3% | 32,8%
POWR;Cikarang Listrindo Tbk PT;Rp965;1,0%;1.047;Upside 8,5%;Wajar;Wajar;838,62;Downside -13,1%;Baik Sekali;15.296,7 B;73,7325 | 7,6% | 57,50 | 12,4x | 1,2x | 1,5x | 16.262,8 B | 28,7% | 14,7%
BDMN;Bank Danamon Indonesia Tbk;Rp4.910;3,6%;4.271;Downside -13,0%;Wajar;Overvalued;2.590;Downside -47,3%;Baik;47.988,1 B;142 | 3,0% | 69,33 | 10,3x | 0,9x | 2,4x | NA | 41,7% | 7,2%
"&nbsp;";"&nbsp;";"&nbsp;";"&nbsp;";"&nbsp;";"&nbsp;";"&nbsp;";"&nbsp;";"&nbsp;";"&nbsp;";"&nbsp;";"&nbsp;";"&nbsp; | &nbsp; | &nbsp; | &nbsp; | &nbsp; | &nbsp; | &nbsp;"
"&nbsp;";"&nbsp;";"&nbsp;";"&nbsp;";"&nbsp;";"&nbsp;";"&nbsp;";"&nbsp;";"&nbsp;";"&nbsp;";"&nbsp;";"&nbsp;";"&nbsp; | &nbsp; | &nbsp; | &nbsp; | &nbsp; | &nbsp; | &nbsp;"
"&nbsp;";"&nbsp;";"&nbsp;";"&nbsp;";"&nbsp;";"&nbsp;";"&nbsp;";"&nbsp;";"&nbsp;";"&nbsp;";"&nbsp;";"&nbsp;";"&nbsp; | &nbsp; | &nbsp; | &nbsp; | &nbsp; | &nbsp; | &nbsp;"
"&nbsp;";"&nbsp;";"&nbsp;";"&nbsp;";"&nbsp;";"&nbsp;";"&nbsp;";"&nbsp;";"&nbsp;";"&nbsp;";"&nbsp;";"&nbsp;";"&nbsp; | &nbsp; | &nbsp; | &nbsp; | &nbsp; | &nbsp; | &nbsp;"
"&nbsp;";"&nbsp;";"&nbsp;";"&nbsp;";"&nbsp;";"&nbsp;";"&nbsp;";"&nbsp;";"&nbsp;";"&nbsp;";"&nbsp;";"&nbsp;";"&nbsp; | &nbsp; | &nbsp; | &nbsp; | &nbsp; | &nbsp; | &nbsp;"
"&nbsp;";"&nbsp;";"&nbsp;";"&nbsp;";"&nbsp;";"&nbsp;";"&nbsp;";"&nbsp;";"&nbsp;";"&nbsp;";"&nbsp;";"&nbsp;";"&nbsp; | &nbsp; | &nbsp; | &nbsp; | &nbsp; | &nbsp; | &nbsp;"
"&nbsp;";"&nbsp;";"&nbsp;";"&nbsp;";"&nbsp;";"&nbsp;";"&nbsp;";"&nbsp;";"&nbsp;";"&nbsp;";"&nbsp;";"&nbsp;";"&nbsp; | &nbsp; | &nbsp; | &nbsp; | &nbsp; | &nbsp; | &nbsp;"
"&nbsp;";"&nbsp;";"&nbsp;";"&nbsp;";"&nbsp;";"&nbsp;";"&nbsp;";"&nbsp;";"&nbsp;";"&nbsp;";"&nbsp;";"&nbsp;";"&nbsp; | &nbsp; | &nbsp; | &nbsp; | &nbsp; | &nbsp; | &nbsp;"
"&nbsp;";"&nbsp;";"&nbsp;";"&nbsp;";"&nbsp;";"&nbsp;";"&nbsp;";"&nbsp;";"&nbsp;";"&nbsp;";"&nbsp;";"&nbsp;";"&nbsp; | &nbsp; | &nbsp; | &nbsp; | &nbsp; | &nbsp; | &nbsp;"
"&nbsp;";"&nbsp;";"&nbsp;";"&nbsp;";"&nbsp;";"&nbsp;";"&nbsp;";"&nbsp;";"&nbsp;";"&nbsp;";"&nbsp;";"&nbsp;";"&nbsp; | &nbsp; | &nbsp; | &nbsp; | &nbsp; | &nbsp; | &nbsp;"
"&nbsp;";"&nbsp;";"&nbsp;";"&nbsp;";"&nbsp;";"&nbsp;";"&nbsp;";"&nbsp;";"&nbsp;";"&nbsp;";"&nbsp;";"&nbsp;";"&nbsp; | &nbsp; | &nbsp; | &nbsp; | &nbsp; | &nbsp; | &nbsp;"
"&nbsp;";"&nbsp;";"&nbsp;";"&nbsp;";"&nbsp;";"&nbsp;";"&nbsp;";"&nbsp;";"&nbsp;";"&nbsp;";"&nbsp;";"&nbsp;";"&nbsp; | &nbsp; | &nbsp; | &nbsp; | &nbsp; | &nbsp; | &nbsp;"
"&nbsp;";"&nbsp;";"&nbsp;";"&nbsp;";"&nbsp;";"&nbsp;";"&nbsp;";"&nbsp;";"&nbsp;";"&nbsp;";"&nbsp;";"&nbsp;";"&nbsp; | &nbsp; | &nbsp; | &nbsp; | &nbsp; | &nbsp; | &nbsp;"
"&nbsp;";"&nbsp;";"&nbsp;";"&nbsp;";"&nbsp;";"&nbsp;";"&nbsp;";"&nbsp;";"&nbsp;";"&nbsp;";"&nbsp;";"&nbsp;";"&nbsp; | &nbsp; | &nbsp; | &nbsp; | &nbsp; | &nbsp; | &nbsp;"
"&nbsp;";"&nbsp;";"&nbsp;";"&nbsp;";"&nbsp;";"&nbsp;";"&nbsp;";"&nbsp;";"&nbsp;";"&nbsp;";"&nbsp;";"&nbsp;";"&nbsp; | &nbsp; | &nbsp; | &nbsp; | &nbsp; | &nbsp; | &nbsp;"
"&nbsp;";"&nbsp;";"&nbsp;";"&nbsp;";"&nbsp;";"&nbsp;";"&nbsp;";"&nbsp;";"&nbsp;";"&nbsp;";"&nbsp;";"&nbsp;";"&nbsp; | &nbsp; | &nbsp; | &nbsp; | &nbsp; | &nbsp; | &nbsp;"
"&nbsp;";"&nbsp;";"&nbsp;";"&nbsp;";"&nbsp;";"&nbsp;";"&nbsp;";"&nbsp;";"&nbsp;";"&nbsp;";"&nbsp;";"&nbsp;";"&nbsp; | &nbsp; | &nbsp; | &nbsp; | &nbsp; | &nbsp; | &nbsp;"
"&nbsp;";"&nbsp;";"&nbsp;";"&nbsp;";"&nbsp;";"&nbsp;";"&nbsp;";"&nbsp;";"&nbsp;";"&nbsp;";"&nbsp;";"&nbsp;";"&nbsp; | &nbsp; | &nbsp; | &nbsp; | &nbsp; | &nbsp; | &nbsp;"
"&nbsp;";"&nbsp;";"&nbsp;";"&nbsp;";"&nbsp;";"&nbsp;";"&nbsp;";"&nbsp;";"&nbsp;";"&nbsp;";"&nbsp;";"&nbsp;";"&nbsp; | &nbsp; | &nbsp; | &nbsp; | &nbsp; | &nbsp; | &nbsp;"
"&nbsp;";"&nbsp;";"&nbsp;";"&nbsp;";"&nbsp;";"&nbsp;";"&nbsp;";"&nbsp;";"&nbsp;";"&nbsp;";"&nbsp;";"&nbsp;";"&nbsp; | &nbsp; | &nbsp; | &nbsp; | &nbsp; | &nbsp; | &nbsp;"
"&nbsp;";"&nbsp;";"&nbsp;";"&nbsp;";"&nbsp;";"&nbsp;";"&nbsp;";"&nbsp;";"&nbsp;";"&nbsp;";"&nbsp;";"&nbsp;";"&nbsp; | &nbsp; | &nbsp; | &nbsp; | &nbsp; | &nbsp; | &nbsp;"
"&nbsp;";"&nbsp;";"&nbsp;";"&nbsp;";"&nbsp;";"&nbsp;";"&nbsp;";"&nbsp;";"&nbsp;";"&nbsp;";"&nbsp;";"&nbsp;";"&nbsp; | &nbsp; | &nbsp; | &nbsp; | &nbsp; | &nbsp; | &nbsp;"
"&nbsp;";"&nbsp;";"&nbsp;";"&nbsp;";"&nbsp;";"&nbsp;";"&nbsp;";"&nbsp;";"&nbsp;";"&nbsp;";"&nbsp;";"&nbsp;";"&nbsp; | &nbsp; | &nbsp; | &nbsp; | &nbsp; | &nbsp; | &nbsp;"
"&nbsp;";"&nbsp;";"&nbsp;";"&nbsp;";"&nbsp;";"&nbsp;";"&nbsp;";"&nbsp;";"&nbsp;";"&nbsp;";"&nbsp;";"&nbsp;";"&nbsp; | &nbsp; | &nbsp; | &nbsp; | &nbsp; | &nbsp; | &nbsp;"
"&nbsp;";"&nbsp;";"&nbsp;";"&nbsp;";"&nbsp;";"&nbsp;";"&nbsp;";"&nbsp;";"&nbsp;";"&nbsp;";"&nbsp;";"&nbsp;";"&nbsp; | &nbsp; | &nbsp; | &nbsp; | &nbsp; | &nbsp; | &nbsp;"
"&nbsp;";"&nbsp;";"&nbsp;";"&nbsp;";"&nbsp;";"&nbsp;";"&nbsp;";"&nbsp;";"&nbsp;";"&nbsp;";"&nbsp;";"&nbsp;";"&nbsp; | &nbsp; | &nbsp; | &nbsp; | &nbsp; | &nbsp; | &nbsp;"
"&nbsp;";"&nbsp;";"&nbsp;";"&nbsp;";"&nbsp;";"&nbsp;";"&nbsp;";"&nbsp;";"&nbsp;";"&nbsp;";"&nbsp;";"&nbsp;";"&nbsp; | &nbsp; | &nbsp; | &nbsp; | &nbsp; | &nbsp; | &nbsp;"
"&nbsp;";"&nbsp;";"&nbsp;";"&nbsp;";"&nbsp;";"&nbsp;";"&nbsp;";"&nbsp;";"&nbsp;";"&nbsp;";"&nbsp;";"&nbsp;";"&nbsp; | &nbsp; | &nbsp; | &nbsp; | &nbsp; | &nbsp; | &nbsp;"
"&nbsp;";"&nbsp;";"&nbsp;";"&nbsp;";"&nbsp;";"&nbsp;";"&nbsp;";"&nbsp;";"&nbsp;";"&nbsp;";"&nbsp;";"&nbsp;";"&nbsp; | &nbsp; | &nbsp; | &nbsp; | &nbsp; | &nbsp; | &nbsp;"
"&nbsp;";"&nbsp;";"&nbsp;";"&nbsp;";"&nbsp;";"&nbsp;";"&nbsp;";"&nbsp;";"&nbsp;";"&nbsp;";"&nbsp;";"&nbsp;";"&nbsp; | &nbsp; | &nbsp; | &nbsp; | &nbsp; | &nbsp; | &nbsp;"
"&nbsp;";"&nbsp;";"&nbsp;";"&nbsp;";"&nbsp;";"&nbsp;";"&nbsp;";"&nbsp;";"&nbsp;";"&nbsp;";"&nbsp;";"&nbsp;";"&nbsp; | &nbsp; | &nbsp; | &nbsp; | &nbsp; | &nbsp; | &nbsp;"
"&nbsp;";"&nbsp;";"&nbsp;";"&nbsp;";"&nbsp;";"&nbsp;";"&nbsp;";"&nbsp;";"&nbsp;";"&nbsp;";"&nbsp;";"&nbsp;";"&nbsp; | &nbsp; | &nbsp; | &nbsp; | &nbsp; | &nbsp; | &nbsp;"
"&nbsp;";"&nbsp;";"&nbsp;";"&nbsp;";"&nbsp;";"&nbsp;";"&nbsp;";"&nbsp;";"&nbsp;";"&nbsp;";"&nbsp;";"&nbsp;";"&nbsp; | &nbsp; | &nbsp; | &nbsp; | &nbsp; | &nbsp; | &nbsp;"
"&nbsp;";"&nbsp;";"&nbsp;";"&nbsp;";"&nbsp;";"&nbsp;";"&nbsp;";"&nbsp;";"&nbsp;";"&nbsp;";"&nbsp;";"&nbsp;";"&nbsp; | &nbsp; | &nbsp; | &nbsp; | &nbsp; | &nbsp; | &nbsp;"
"&nbsp;";"&nbsp;";"&nbsp;";"&nbsp;";"&nbsp;";"&nbsp;";"&nbsp;";"&nbsp;";"&nbsp;";"&nbsp;";"&nbsp;";"&nbsp;";"&nbsp; | &nbsp; | &nbsp; | &nbsp; | &nbsp; | &nbsp; | &nbsp;"
"&nbsp;";"&nbsp;";"&nbsp;";"&nbsp;";"&nbsp;";"&nbsp;";"&nbsp;";"&nbsp;";"&nbsp;";"&nbsp;";"&nbsp;";"&nbsp;";"&nbsp; | &nbsp; | &nbsp; | &nbsp; | &nbsp; | &nbsp; | &nbsp;"
"&nbsp;";"&nbsp;";"&nbsp;";"&nbsp;";"&nbsp;";"&nbsp;";"&nbsp;";"&nbsp;";"&nbsp;";"&nbsp;";"&nbsp;";"&nbsp;";"&nbsp; | &nbsp; | &nbsp; | &nbsp; | &nbsp; | &nbsp; | &nbsp;"
"&nbsp;";"&nbsp;";"&nbsp;";"&nbsp;";"&nbsp;";"&nbsp;";"&nbsp;";"&nbsp;";"&nbsp;";"&nbsp;";"&nbsp;";"&nbsp;";"&nbsp; | &nbsp; | &nbsp; | &nbsp; | &nbsp; | &nbsp; | &nbsp;"
"&nbsp;";"&nbsp;";"&nbsp;";"&nbsp;";"&nbsp;";"&nbsp;";"&nbsp;";"&nbsp;";"&nbsp;";"&nbsp;";"&nbsp;";"&nbsp;";"&nbsp; | &nbsp; | &nbsp; | &nbsp; | &nbsp; | &nbsp; | &nbsp;"
"&nbsp;";"&nbsp;";"&nbsp;";"&nbsp;";"&nbsp;";"&nbsp;";"&nbsp;";"&nbsp;";"&nbsp;";"&nbsp;";"&nbsp;";"&nbsp;";"&nbsp; | &nbsp; | &nbsp; | &nbsp; | &nbsp; | &nbsp; | &nbsp;"
"&nbsp;";"&nbsp;";"&nbsp;";"&nbsp;";"&nbsp;";"&nbsp;";"&nbsp;";"&nbsp;";"&nbsp;";"&nbsp;";"&nbsp;";"&nbsp;";"&nbsp; | &nbsp; | &nbsp; | &nbsp; | &nbsp; | &nbsp; | &nbsp;"
"&nbsp;";"&nbsp;";"&nbsp;";"&nbsp;";"&nbsp;";"&nbsp;";"&nbsp;";"&nbsp;";"&nbsp;";"&nbsp;";"&nbsp;";"&nbsp;";"&nbsp; | &nbsp; | &nbsp; | &nbsp; | &nbsp; | &nbsp; | &nbsp;"
"&nbsp;";"&nbsp;";"&nbsp;";"&nbsp;";"&nbsp;";"&nbsp;";"&nbsp;";"&nbsp;";"&nbsp;";"&nbsp;";"&nbsp;";"&nbsp;";"&nbsp; | &nbsp; | &nbsp; | &nbsp; | &nbsp; | &nbsp; | &nbsp;"
"&nbsp;";"&nbsp;";"&nbsp;";"&nbsp;";"&nbsp;";"&nbsp;";"&nbsp;";"&nbsp;";"&nbsp;";"&nbsp;";"&nbsp;";"&nbsp;";"&nbsp; | &nbsp; | &nbsp; | &nbsp; | &nbsp; | &nbsp; | &nbsp;"
"&nbsp;";"&nbsp;";"&nbsp;";"&nbsp;";"&nbsp;";"&nbsp;";"&nbsp;";"&nbsp;";"&nbsp;";"&nbsp;";"&nbsp;";"&nbsp;";"&nbsp; | &nbsp; | &nbsp; | &nbsp; | &nbsp; | &nbsp; | &nbsp;"
"&nbsp;";"&nbsp;";"&nbsp;";"&nbsp;";"&nbsp;";"&nbsp;";"&nbsp;";"&nbsp;";"&nbsp;";"&nbsp;";"&nbsp;";"&nbsp;";"&nbsp; | &nbsp; | &nbsp; | &nbsp; | &nbsp; | &nbsp; | &nbsp;"
"&nbsp;";"&nbsp;";"&nbsp;";"&nbsp;";"&nbsp;";"&nbsp;";"&nbsp;";"&nbsp;";"&nbsp;";"&nbsp;";"&nbsp;";"&nbsp;";"&nbsp; | &nbsp; | &nbsp; | &nbsp; | &nbsp; | &nbsp; | &nbsp;"
"&nbsp;";"&nbsp;";"&nbsp;";"&nbsp;";"&nbsp;";"&nbsp;";"&nbsp;";"&nbsp;";"&nbsp;";"&nbsp;";"&nbsp;";"&nbsp;";"&nbsp; | &nbsp; | &nbsp; | &nbsp; | &nbsp; | &nbsp; | &nbsp;"
"&nbsp;";"&nbsp;";"&nbsp;";"&nbsp;";"&nbsp;";"&nbsp;";"&nbsp;";"&nbsp;";"&nbsp;";"&nbsp;";"&nbsp;";"&nbsp;";"&nbsp; | &nbsp; | &nbsp; | &nbsp; | &nbsp; | &nbsp; | &nbsp;"
"&nbsp;";"&nbsp;";"&nbsp;";"&nbsp;";"&nbsp;";"&nbsp;";"&nbsp;";"&nbsp;";"&nbsp;";"&nbsp;";"&nbsp;";"&nbsp;";"&nbsp; | &nbsp; | &nbsp; | &nbsp; | &nbsp; | &nbsp; | &nbsp;"
"&nbsp;";"&nbsp;";"&nbsp;";"&nbsp;";"&nbsp;";"&nbsp;";"&nbsp;";"&nbsp;";"&nbsp;";"&nbsp;";"&nbsp;";"&nbsp;";"&nbsp; | &nbsp; | &nbsp; | &nbsp; | &nbsp; | &nbsp; | &nbsp;"
"&nbsp;";"&nbsp;";"&nbsp;";"&nbsp;";"&nbsp;";"&nbsp;";"&nbsp;";"&nbsp;";"&nbsp;";"&nbsp;";"&nbsp;";"&nbsp;";"&nbsp; | &nbsp; | &nbsp; | &nbsp; | &nbsp; | &nbsp; | &nbsp;"
"&nbsp;";"&nbsp;";"&nbsp;";"&nbsp;";"&nbsp;";"&nbsp;";"&nbsp;";"&nbsp;";"&nbsp;";"&nbsp;";"&nbsp;";"&nbsp;";"&nbsp; | &nbsp; | &nbsp; | &nbsp; | &nbsp; | &nbsp; | &nbsp;"
"&nbsp;";"&nbsp;";"&nbsp;";"&nbsp;";"&nbsp;";"&nbsp;";"&nbsp;";"&nbsp;";"&nbsp;";"&nbsp;";"&nbsp;";"&nbsp;";"&nbsp; | &nbsp; | &nbsp; | &nbsp; | &nbsp; | &nbsp; | &nbsp;"
"&nbsp;";"&nbsp;";"&nbsp;";"&nbsp;";"&nbsp;";"&nbsp;";"&nbsp;";"&nbsp;";"&nbsp;";"&nbsp;";"&nbsp;";"&nbsp;";"&nbsp; | &nbsp; | &nbsp; | &nbsp; | &nbsp; | &nbsp; | &nbsp;"
"&nbsp;";"&nbsp;";"&nbsp;";"&nbsp;";"&nbsp;";"&nbsp;";"&nbsp;";"&nbsp;";"&nbsp;";"&nbsp;";"&nbsp;";"&nbsp;";"&nbsp; | &nbsp; | &nbsp; | &nbsp; | &nbsp; | &nbsp; | &nbsp;"
"&nbsp;";"&nbsp;";"&nbsp;";"&nbsp;";"&nbsp;";"&nbsp;";"&nbsp;";"&nbsp;";"&nbsp;";"&nbsp;";"&nbsp;";"&nbsp;";"&nbsp; | &nbsp; | &nbsp; | &nbsp; | &nbsp; | &nbsp; | &nbsp;"
"&nbsp;";"&nbsp;";"&nbsp;";"&nbsp;";"&nbsp;";"&nbsp;";"&nbsp;";"&nbsp;";"&nbsp;";"&nbsp;";"&nbsp;";"&nbsp;";"&nbsp; | &nbsp; | &nbsp; | &nbsp; | &nbsp; | &nbsp; | &nbsp;"
"&nbsp;";"&nbsp;";"&nbsp;";"&nbsp;";"&nbsp;";"&nbsp;";"&nbsp;";"&nbsp;";"&nbsp;";"&nbsp;";"&nbsp;";"&nbsp;";"&nbsp; | &nbsp; | &nbsp; | &nbsp; | &nbsp; | &nbsp; | &nbsp;"
"&nbsp;";"&nbsp;";"&nbsp;";"&nbsp;";"&nbsp;";"&nbsp;";"&nbsp;";"&nbsp;";"&nbsp;";"&nbsp;";"&nbsp;";"&nbsp;";"&nbsp; | &nbsp; | &nbsp; | &nbsp; | &nbsp; | &nbsp; | &nbsp;"
"&nbsp;";"&nbsp;";"&nbsp;";"&nbsp;";"&nbsp;";"&nbsp;";"&nbsp;";"&nbsp;";"&nbsp;";"&nbsp;";"&nbsp;";"&nbsp;";"&nbsp; | &nbsp; | &nbsp; | &nbsp; | &nbsp; | &nbsp; | &nbsp;"
"&nbsp;";"&nbsp;";"&nbsp;";"&nbsp;";"&nbsp;";"&nbsp;";"&nbsp;";"&nbsp;";"&nbsp;";"&nbsp;";"&nbsp;";"&nbsp;";"&nbsp; | &nbsp; | &nbsp; | &nbsp; | &nbsp; | &nbsp; | &nbsp;"
"&nbsp;";"&nbsp;";"&nbsp;";"&nbsp;";"&nbsp;";"&nbsp;";"&nbsp;";"&nbsp;";"&nbsp;";"&nbsp;";"&nbsp;";"&nbsp;";"&nbsp; | &nbsp; | &nbsp; | &nbsp; | &nbsp; | &nbsp; | &nbsp;"
"&nbsp;";"&nbsp;";"&nbsp;";"&nbsp;";"&nbsp;";"&nbsp;";"&nbsp;";"&nbsp;";"&nbsp;";"&nbsp;";"&nbsp;";"&nbsp;";"&nbsp; | &nbsp; | &nbsp; | &nbsp; | &nbsp; | &nbsp; | &nbsp;"
"&nbsp;";"&nbsp;";"&nbsp;";"&nbsp;";"&nbsp;";"&nbsp;";"&nbsp;";"&nbsp;";"&nbsp;";"&nbsp;";"&nbsp;";"&nbsp;";"&nbsp; | &nbsp; | &nbsp; | &nbsp; | &nbsp; | &nbsp; | &nbsp;"
"&nbsp;";"&nbsp;";"&nbsp;";"&nbsp;";"&nbsp;";"&nbsp;";"&nbsp;";"&nbsp;";"&nbsp;";"&nbsp;";"&nbsp;";"&nbsp;";"&nbsp; | &nbsp; | &nbsp; | &nbsp; | &nbsp; | &nbsp; | &nbsp;"
"&nbsp;";"&nbsp;";"&nbsp;";"&nbsp;";"&nbsp;";"&nbsp;";"&nbsp;";"&nbsp;";"&nbsp;";"&nbsp;";"&nbsp;";"&nbsp;";"&nbsp; | &nbsp; | &nbsp; | &nbsp; | &nbsp; | &nbsp; | &nbsp;"
"&nbsp;";"&nbsp;";"&nbsp;";"&nbsp;";"&nbsp;";"&nbsp;";"&nbsp;";"&nbsp;";"&nbsp;";"&nbsp;";"&nbsp;";"&nbsp;";"&nbsp; | &nbsp; | &nbsp; | &nbsp; | &nbsp; | &nbsp; | &nbsp;"
"&nbsp;";"&nbsp;";"&nbsp;";"&nbsp;";"&nbsp;";"&nbsp;";"&nbsp;";"&nbsp;";"&nbsp;";"&nbsp;";"&nbsp;";"&nbsp;";"&nbsp; | &nbsp; | &nbsp; | &nbsp; | &nbsp; | &nbsp; | &nbsp;"
"&nbsp;";"&nbsp;";"&nbsp;";"&nbsp;";"&nbsp;";"&nbsp;";"&nbsp;";"&nbsp;";"&nbsp;";"&nbsp;";"&nbsp;";"&nbsp;";"&nbsp; | &nbsp; | &nbsp; | &nbsp; | &nbsp; | &nbsp; | &nbsp;"
"&nbsp;";"&nbsp;";"&nbsp;";"&nbsp;";"&nbsp;";"&nbsp;";"&nbsp;";"&nbsp;";"&nbsp;";"&nbsp;";"&nbsp;";"&nbsp;";"&nbsp; | &nbsp; | &nbsp; | &nbsp; | &nbsp; | &nbsp; | &nbsp;"
"&nbsp;";"&nbsp;";"&nbsp;";"&nbsp;";"&nbsp;";"&nbsp;";"&nbsp;";"&nbsp;";"&nbsp;";"&nbsp;";"&nbsp;";"&nbsp;";"&nbsp; | &nbsp; | &nbsp; | &nbsp; | &nbsp; | &nbsp; | &nbsp;"
"&nbsp;";"&nbsp;";"&nbsp;";"&nbsp;";"&nbsp;";"&nbsp;";"&nbsp;";"&nbsp;";"&nbsp;";"&nbsp;";"&nbsp;";"&nbsp;";"&nbsp; | &nbsp; | &nbsp; | &nbsp; | &nbsp; | &nbsp; | &nbsp;"
"&nbsp;";"&nbsp;";"&nbsp;";"&nbsp;";"&nbsp;";"&nbsp;";"&nbsp;";"&nbsp;";"&nbsp;";"&nbsp;";"&nbsp;";"&nbsp;";"&nbsp; | &nbsp; | &nbsp; | &nbsp; | &nbsp; | &nbsp; | &nbsp;"
"&nbsp;";"&nbsp;";"&nbsp;";"&nbsp;";"&nbsp;";"&nbsp;";"&nbsp;";"&nbsp;";"&nbsp;";"&nbsp;";"&nbsp;";"&nbsp;";"&nbsp; | &nbsp; | &nbsp; | &nbsp; | &nbsp; | &nbsp; | &nbsp;"
"&nbsp;";"&nbsp;";"&nbsp;";"&nbsp;";"&nbsp;";"&nbsp;";"&nbsp;";"&nbsp;";"&nbsp;";"&nbsp;";"&nbsp;";"&nbsp;";"&nbsp; | &nbsp; | &nbsp; | &nbsp; | &nbsp; | &nbsp; | &nbsp;"
"&nbsp;";"&nbsp;";"&nbsp;";"&nbsp;";"&nbsp;";"&nbsp;";"&nbsp;";"&nbsp;";"&nbsp;";"&nbsp;";"&nbsp;";"&nbsp;";"&nbsp; | &nbsp; | &nbsp; | &nbsp; | &nbsp; | &nbsp; | &nbsp;"
"&nbsp;";"&nbsp;";"&nbsp;";"&nbsp;";"&nbsp;";"&nbsp;";"&nbsp;";"&nbsp;";"&nbsp;";"&nbsp;";"&nbsp;";"&nbsp;";"&nbsp; | &nbsp; | &nbsp; | &nbsp; | &nbsp; | &nbsp; | &nbsp;"
"&nbsp;";"&nbsp;";"&nbsp;";"&nbsp;";"&nbsp;";"&nbsp;";"&nbsp;";"&nbsp;";"&nbsp;";"&nbsp;";"&nbsp;";"&nbsp;";"&nbsp; | &nbsp; | &nbsp; | &nbsp; | &nbsp; | &nbsp; | &nbsp;"
"&nbsp;";"&nbsp;";"&nbsp;";"&nbsp;";"&nbsp;";"&nbsp;";"&nbsp;";"&nbsp;";"&nbsp;";"&nbsp;";"&nbsp;";"&nbsp;";"&nbsp; | &nbsp; | &nbsp; | &nbsp; | &nbsp; | &nbsp; | &nbsp;"
"&nbsp;";"&nbsp;";"&nbsp;";"&nbsp;";"&nbsp;";"&nbsp;";"&nbsp;";"&nbsp;";"&nbsp;";"&nbsp;";"&nbsp;";"&nbsp;";"&nbsp; | &nbsp; | &nbsp; | &nbsp; | &nbsp; | &nbsp; | &nbsp;"
"&nbsp;";"&nbsp;";"&nbsp;";"&nbsp;";"&nbsp;";"&nbsp;";"&nbsp;";"&nbsp;";"&nbsp;";"&nbsp;";"&nbsp;";"&nbsp;";"&nbsp; | &nbsp; | &nbsp; | &nbsp; | &nbsp; | &nbsp; | &nbsp; | 1 | 2 | Baris | 100 | 10 | 30 | 50 | 100"