kode,nama,sektor,harga,eps,kuartal,ekuitas,saham,laba,der,nilai_harian,eps_trend,dividen,cagr,cyclical,volatil,fcf,wacc,kas,utang,fcf_terminal,g_terminal,s_sideways,s_vol_ratio,s_freqspike,s_topbuyer,s_spring,s_closeabove,s_springlow,s_resistance,sumber,piotroski,rs_rating,altman_z,interest_cov,current_ratio,quick_ratio,roic,roce,ev_ebitda,peg,div_yield,hist_laba
PPRI,PT Paperocks Indonesia Tbk,Konsumer Non-Primer,186.0,2.5427,4,98750931648,1075027288,2733447680,0.1602,938304900,up,1,66.1,1,1,-8842744832,12.5,25801558016,15822751744,0,2.5,0,4.87,0,0,1,1,131,216,Yahoo Finance + IDX - kualitas baik,,,,,,,,,,,0.0,
KKES,PT Kusuma Kemindo Sentosa Tbk,Barang Baku,70.0,0.7216,4,63699000000,1500000000,1082441728,0.6289,2971289300,fluktuatif,0,0.0,1,1,-15542716416,12.5,985407040,40061198336,0,2.5,0,2.06,0,0,1,1,51,98,Yahoo Finance + IDX - kualitas baik,,,,,,,,,,,0.0,
MITI,PT Mitra Investindo Tbk,Perindustrian,350.0,3.1,4,468977098019,3750526603,11213844480,0.0487,3009867000,down,0,-41.4,1,1,20811493376,12.5,239195406336,22850226176,0,2.5,0,7.4,0,0,0,1,218,350,Yahoo Finance + IDX - kualitas baik,,,,,,,,,,,0.0,
ROCK,PT Rockfields Properti Indonesia Tbk.,Properti,3700,21.05,4,836134533705,1435185100,30221942784,0.0021,1384170000,down,0,-22.6,1,1,75111743488,12.5,60602818560,1738696448,0,2.5,0,5.0,0,0,1,1,1850,3700,Yahoo Finance + IDX - kualitas baik,,,,,,,,,,,0.0,
BLTZ,PT Graha Layar Prima Tbk,Infrastruktur,4500,79.0,4,266365636215,546709542,68551471104,4.2075,11655000,fluktuatif,0,0.0,0,1,330825007104,13.0,133435588608,1120735985664,0,2.5,0,45.23,0,0,1,1,1660,4500,Yahoo Finance + IDX - perlu dicek: EPS x saham tidak sinkron dengan laba bersih,,,,,,,,,,,0.0,
IFSH,PT Ifishdeco Tbk,Barang Baku,1655,63.96,4,841182967351,1923297400,123014103040,0.0661,219006150,fluktuatif,1,0.0,1,1,302316781568,12.5,262310838272,55560196096,0,2.5,0,3.48,0,0,0,1,935,1945,Yahoo Finance + IDX - kualitas baik,,,,,,,,,,,1.96,
AGAR,PT Asia Sejahtera Mina Tbk,Konsumer Primer,1935,1.99,4,113037000000,1000000000,7123671040,0.4337,4614181650,fluktuatif,0,0.0,0,1,-2185787904,11.0,7439065600,49026985984,0,2.5,0,1.44,0,0,0,1,1325,3180,Yahoo Finance + IDX - perlu dicek: EPS x saham tidak sinkron dengan laba bersih,,,,,,,,,,,0.0,
BALI,PT Bali Towerindo Sentra Tbk,Infrastruktur,1660,45.46,4,2431161098195,3934592500,178864160768,1.4513,46828600,down,1,-15.0,0,0,708376854528,12.0,343866507264,3528460599296,0,2.5,0,0.98,1,0,0,1,1250,1660,Yahoo Finance + IDX - kualitas baik,,,,,,,,,,,2.26,
PGLI,PT Pembangunan Graha Lestari Indah Tbk,Konsumer Non-Primer,332.0,-3.28,4,13115000000,488000000,-1552999552,1.1133,535632200,fluktuatif,0,0.0,1,1,297516192,14.5,598254848,14600437760,0,2.5,0,6.15,1,0,0,1,197,332,Yahoo Finance + IDX - kualitas baik,,,,,,,,,,,0.0,
SOTS,PT Satria Mega Kencana Tbk,Konsumer Non-Primer,630.0,-11.31,4,170056676653,1000003979,-10472147968,0.8329,185610600,fluktuatif,0,0.0,1,1,-901179712,12.5,4504464384,141647724544,0,2.5,0,7.08,0,0,1,1,450,630,Yahoo Finance + IDX - kualitas baik,,,,,,,,,,,0.0,
ALKA,PT Alakasa Industrindo Tbk,Barang Baku,5700,37.913,4,49446111000,107250000,19690915840,0.0,320796000,fluktuatif,0,0.0,1,1,10874823680,12.5,22896623616,0.0,0,2.5,0,5.32,0,0,0,1,3890,8000,Yahoo Finance + IDX - perlu dicek: EPS x saham tidak sinkron dengan laba bersih,,,,,,,,,,,0.0,
CSMI,PT Cipta Selera Murni Tbk,Konsumer Non-Primer,412.0,-1.05,4,3265062062,816061500,-859982912,0.0,48690506080,fluktuatif,0,0.0,1,1,101929592,12.5,237652336,0.0,0,2.5,0,2.42,0,0,0,1,165,414,Yahoo Finance + IDX - perlu dicek: PBV tidak wajar (102.97x),,,,,,,,,,,0.0,
PCAR,PT Prima Cakrawala Abadi Tbk,Konsumer Primer,71.0,-2.86,4,75080835478,1166666700,-3333667072,0.3177,3966191350,fluktuatif,0,0.0,0,1,-4413365760,11.0,747252928,23854882816,0,2.5,0,3.63,1,0,0,1,42,75,Yahoo Finance + IDX - kualitas baik,,,,,,,,,,,0.0,
MPIX,PT Mitra Pedagang Indonesia Tbk,Teknologi,224.0,6.3453,4,160116989341,1562574308,9915067392,0.0656,5141660160,up,1,54.0,0,1,9984452608,11.0,14444217344,10506785792,0,2.5,0,0.93,0,0,0,1,114,232,Yahoo Finance + IDX - kualitas baik,,,,,,,,,,,0.0,
PKPK,PT Paragon Karya Perkasa Tbk,Perindustrian,6800,79.97,4,325767600000,1200000000,95976210432,0.7899,27173616000,up,0,426.8,1,1,204699123712,12.5,229570936832,257308852224,0,2.5,0,2.83,0,0,0,1,4110,6975,Yahoo Finance + IDX - kualitas baik,,,,,,,,,,,0.0,
REAL,PT Repower Asia Indonesia Tbk,Properti,44.0,0.128,4,374832141582,6633610151,-353459296,0.0,2402887080,up,1,954.1,1,1,-931373696,12.5,549974464,0.0,0,2.5,0,3.24,1,0,0,1,33,50,Yahoo Finance + IDX - perlu dicek: EPS x saham tidak sinkron dengan laba bersih,,,,,,,,,,,0.01,
KREN,PT Quantum Clovera Investama Tbk,Keuangan,16.0,-7.3,4,0.0,18200747800,-133003575296,0.0,2320805120,fluktuatif,0,0.0,0,1,-51190935552,11.0,148603764736,443528413184,0,2.5,0,1.78,0,0,0,1,13,20,Yahoo Finance + IDX - data meragukan (2 masalah),,,,,,,,,,,0.0,
MUTU,PT Mutuagung Lestari Tbk,Perindustrian,136.0,7.3289,4,270171432540,3452228885,25301139456,0.1958,3827635680,up,1,22.0,1,0,8330653184,11.5,40708898816,52899762176,0,2.5,0,3.95,1,0,1,1,111,155,Yahoo Finance + IDX - kualitas baik,,,,,,,,,,,1.94,
AMAN,PT Makmur Berkah Amanda Tbk,Properti,222.0,11.9,4,849764556500,3873500000,46089375744,0.3763,68793360,up,0,12.0,1,1,-2761243904,12.5,36473253888,319801950208,0,2.5,0,6.69,1,0,1,1,182,238,Yahoo Finance + IDX - kualitas baik,,,,,,,,,,,0.0,
SMMT,PT Golden Eagle Energy Tbk,Energi,3400,21.71,4,37675000,3425000000,4440677,0.8563,3742516000,up,0,99.3,1,1,15993910,12.5,2221150,32262392,0,2.5,0,0.81,1,0,0,1,2460,3710,Yahoo Finance + IDX - data meragukan (3 masalah),,,,,,,,,,,0.0,
HOKI,PT Buyung Poetra Sembada Tbk,Konsumer Primer,44.0,-8.39,4,533389338958,9677752680,-81201717248,0.5108,4043606600,fluktuatif,1,0.0,0,1,-78373609472,11.0,262290702336,272445734912,0,2.5,0,0.56,1,0,0,1,37,61,Yahoo Finance + IDX - kualitas baik,,,,,,,,,,,0.0,
RODA,PT Pikko Land Development Tbk,Properti,41.0,-5.1,4,1859824494966,13592128209,-69442715648,0.5218,3080815440,fluktuatif,0,0.0,1,1,94937243648,12.5,39231705088,970441687040,0,2.5,0,0.8,1,0,0,1,35,74,Yahoo Finance + IDX - kualitas baik,,,,,,,,,,,0.0,
